method,K,method_acc,baseline_mean,baseline_std,p_value,complication,prevalence
FIBR_PREDS_MI_perfeat,3,0.4316993464052288,0.500483660130719,0.023184356251858846,0.99,FIBR_PREDS,0.1
FIBR_PREDS_MI_perfeat,5,0.519281045751634,0.5034150326797386,0.011774993232816585,0.11,FIBR_PREDS,0.1
FIBR_PREDS_MI_perfeat,10,0.526797385620915,0.5068464052287581,0.012735992641529041,0.08,FIBR_PREDS,0.1
FIBR_PREDS_MI_perfeat,16,0.5166666666666666,0.5094509803921567,0.011240754622521817,0.25,FIBR_PREDS,0.1
FIBR_PREDS_II_perfeat,3,0.5,0.500483660130719,0.023184356251858846,0.66,FIBR_PREDS,0.1
FIBR_PREDS_II_perfeat,5,0.5,0.5034150326797386,0.011774993232816585,0.58,FIBR_PREDS,0.1
FIBR_PREDS_II_perfeat,10,0.5,0.5068464052287581,0.012735992641529041,0.65,FIBR_PREDS,0.1
FIBR_PREDS_II_perfeat,16,0.5,0.5094509803921567,0.011240754622521817,0.77,FIBR_PREDS,0.1
FIBR_PREDS_II_joint,3,0.4973856209150327,0.500483660130719,0.023184356251858846,0.92,FIBR_PREDS,0.1
FIBR_PREDS_II_joint,5,0.503921568627451,0.5034150326797386,0.011774993232816585,0.3,FIBR_PREDS,0.1
FIBR_PREDS_II_joint,10,0.5088235294117647,0.5068464052287581,0.012735992641529041,0.33,FIBR_PREDS,0.1
FIBR_PREDS_II_joint,16,0.5101307189542484,0.5094509803921567,0.011240754622521817,0.43,FIBR_PREDS,0.1
FIBR_PREDS_DII_L1,3,0.5140522875816994,0.500483660130719,0.023184356251858846,0.1,FIBR_PREDS,0.1
FIBR_PREDS_DII_L1,5,0.5140522875816994,0.5034150326797386,0.011774993232816585,0.15,FIBR_PREDS,0.1
FIBR_PREDS_DII_L1,10,0.49869281045751634,0.5068464052287581,0.012735992641529041,0.73,FIBR_PREDS,0.1
FIBR_PREDS_DII_L1,16,0.4954248366013072,0.5094509803921567,0.011240754622521817,0.95,FIBR_PREDS,0.1
PREDS_TAH_MI_perfeat,3,0.5,0.4999880952380953,0.0001184508853698353,0.99,PREDS_TAH,0.011764705882352941
PREDS_TAH_MI_perfeat,5,0.5,0.49996726190476193,0.0001829570582059956,0.96,PREDS_TAH,0.011764705882352941
PREDS_TAH_MI_perfeat,10,0.5,0.4999523809523809,0.000196157822062905,0.93,PREDS_TAH,0.011764705882352941
PREDS_TAH_MI_perfeat,16,0.5,0.4999285714285715,0.00022319444356253104,0.88,PREDS_TAH,0.011764705882352941
PREDS_TAH_II_perfeat,3,0.5,0.4999880952380953,0.0001184508853698353,0.99,PREDS_TAH,0.011764705882352941
PREDS_TAH_II_perfeat,5,0.5,0.49996726190476193,0.0001829570582059956,0.96,PREDS_TAH,0.011764705882352941
PREDS_TAH_II_perfeat,10,0.5,0.4999523809523809,0.000196157822062905,0.93,PREDS_TAH,0.011764705882352941
PREDS_TAH_II_perfeat,16,0.5,0.4999285714285715,0.00022319444356253104,0.88,PREDS_TAH,0.011764705882352941
PREDS_TAH_II_joint,3,0.5,0.4999880952380953,0.0001184508853698353,0.99,PREDS_TAH,0.011764705882352941
PREDS_TAH_II_joint,5,0.5,0.49996726190476193,0.0001829570582059956,0.96,PREDS_TAH,0.011764705882352941
PREDS_TAH_II_joint,10,0.5,0.4999523809523809,0.000196157822062905,0.93,PREDS_TAH,0.011764705882352941
PREDS_TAH_II_joint,16,0.5,0.4999285714285715,0.00022319444356253104,0.88,PREDS_TAH,0.011764705882352941
PREDS_TAH_DII_L1,3,0.5,0.4999880952380953,0.0001184508853698353,0.99,PREDS_TAH,0.011764705882352941
PREDS_TAH_DII_L1,5,0.5,0.49996726190476193,0.0001829570582059956,0.96,PREDS_TAH,0.011764705882352941
PREDS_TAH_DII_L1,10,0.5,0.4999523809523809,0.000196157822062905,0.93,PREDS_TAH,0.011764705882352941
PREDS_TAH_DII_L1,16,0.5,0.4999285714285715,0.00022319444356253104,0.88,PREDS_TAH,0.011764705882352941
JELUD_TAH_MI_perfeat,3,0.5,0.5004793497616176,0.0047130758450064135,0.94,JELUD_TAH,0.024705882352941175
JELUD_TAH_MI_perfeat,5,0.4996984318455971,0.4995207938422655,0.0037290804926390134,0.92,JELUD_TAH,0.024705882352941175
JELUD_TAH_MI_perfeat,10,0.4996984318455971,0.4999155609167672,0.00025259820978735495,0.91,JELUD_TAH,0.024705882352941175
JELUD_TAH_MI_perfeat,16,0.4996984318455971,0.5000631857085416,0.002374010645880691,0.88,JELUD_TAH,0.024705882352941175
JELUD_TAH_II_perfeat,3,0.5,0.5004793497616176,0.0047130758450064135,0.94,JELUD_TAH,0.024705882352941175
JELUD_TAH_II_perfeat,5,0.5,0.4995207938422655,0.0037290804926390134,0.88,JELUD_TAH,0.024705882352941175
JELUD_TAH_II_perfeat,10,0.5,0.4999155609167672,0.00025259820978735495,0.87,JELUD_TAH,0.024705882352941175
JELUD_TAH_II_perfeat,16,0.6243753231087368,0.5000631857085416,0.002374010645880691,0.0,JELUD_TAH,0.024705882352941175
JELUD_TAH_II_joint,3,0.5,0.5004793497616176,0.0047130758450064135,0.94,JELUD_TAH,0.024705882352941175
JELUD_TAH_II_joint,5,0.5,0.4995207938422655,0.0037290804926390134,0.88,JELUD_TAH,0.024705882352941175
JELUD_TAH_II_joint,10,0.5,0.4999155609167672,0.00025259820978735495,0.87,JELUD_TAH,0.024705882352941175
JELUD_TAH_II_joint,16,0.4987937273823884,0.5000631857085416,0.002374010645880691,0.99,JELUD_TAH,0.024705882352941175
JELUD_TAH_DII_L1,3,0.5,0.5004793497616176,0.0047130758450064135,0.94,JELUD_TAH,0.024705882352941175
JELUD_TAH_DII_L1,5,0.5,0.4995207938422655,0.0037290804926390134,0.88,JELUD_TAH,0.024705882352941175
JELUD_TAH_DII_L1,10,0.5,0.4999155609167672,0.00025259820978735495,0.87,JELUD_TAH,0.024705882352941175
JELUD_TAH_DII_L1,16,0.4996984318455971,0.5000631857085416,0.002374010645880691,0.88,JELUD_TAH,0.024705882352941175
FIBR_JELUD_MI_perfeat,3,0.5323450833916945,0.4988964542318367,0.015723309931828862,0.01,FIBR_JELUD,0.04176470588235294
FIBR_JELUD_MI_perfeat,5,0.543157039227384,0.49982457050467316,0.00829177664668956,0.01,FIBR_JELUD,0.04176470588235294
FIBR_JELUD_MI_perfeat,10,0.5116290128740522,0.49962774189643694,0.002256882816423773,0.0,FIBR_JELUD,0.04176470588235294
FIBR_JELUD_MI_perfeat,16,0.5039728858108751,0.5010361926006623,0.004900887642291065,0.14,FIBR_JELUD,0.04176470588235294
FIBR_JELUD_II_perfeat,3,0.5,0.4988964542318367,0.015723309931828862,0.71,FIBR_JELUD,0.04176470588235294
FIBR_JELUD_II_perfeat,5,0.5,0.49982457050467316,0.00829177664668956,0.68,FIBR_JELUD,0.04176470588235294
FIBR_JELUD_II_perfeat,10,0.5,0.49962774189643694,0.002256882816423773,0.46,FIBR_JELUD,0.04176470588235294
FIBR_JELUD_II_perfeat,16,0.5,0.5010361926006623,0.004900887642291065,0.39,FIBR_JELUD,0.04176470588235294
FIBR_JELUD_II_joint,3,0.5,0.4988964542318367,0.015723309931828862,0.71,FIBR_JELUD,0.04176470588235294
FIBR_JELUD_II_joint,5,0.5061214432080513,0.49982457050467316,0.00829177664668956,0.03,FIBR_JELUD,0.04176470588235294
FIBR_JELUD_II_joint,10,0.5205128870213299,0.49962774189643694,0.002256882816423773,0.0,FIBR_JELUD,0.04176470588235294
FIBR_JELUD_II_joint,16,0.4990791896869245,0.5010361926006623,0.004900887642291065,0.89,FIBR_JELUD,0.04176470588235294
FIBR_JELUD_DII_L1,3,0.5,0.4988964542318367,0.015723309931828862,0.71,FIBR_JELUD,0.04176470588235294
FIBR_JELUD_DII_L1,5,0.5,0.49982457050467316,0.00829177664668956,0.68,FIBR_JELUD,0.04176470588235294
FIBR_JELUD_DII_L1,10,0.49938612645794966,0.49962774189643694,0.002256882816423773,0.82,FIBR_JELUD,0.04176470588235294
FIBR_JELUD_DII_L1,16,0.49938612645794966,0.5010361926006623,0.004900887642291065,0.7,FIBR_JELUD,0.04176470588235294
A_V_BLOK_MI_perfeat,3,0.4853391848458639,0.49922018985381894,0.007545682292138876,0.99,A_V_BLOK,0.033529411764705884
A_V_BLOK_MI_perfeat,5,0.5072503230077628,0.4992937074884411,0.013923907803402517,0.04,A_V_BLOK,0.033529411764705884
A_V_BLOK_MI_perfeat,10,0.5078589657344823,0.502565535872548,0.008985932071108677,0.11,A_V_BLOK,0.033529411764705884
A_V_BLOK_MI_perfeat,16,0.49756542909312235,0.5030578424149235,0.008847871491039007,1.0,A_V_BLOK,0.033529411764705884
A_V_BLOK_II_perfeat,3,0.5,0.49922018985381894,0.007545682292138876,0.94,A_V_BLOK,0.033529411764705884
A_V_BLOK_II_perfeat,5,0.5,0.4992937074884411,0.013923907803402517,0.85,A_V_BLOK,0.033529411764705884
A_V_BLOK_II_perfeat,10,0.5,0.502565535872548,0.008985932071108677,0.7,A_V_BLOK,0.033529411764705884
A_V_BLOK_II_perfeat,16,0.5,0.5030578424149235,0.008847871491039007,0.59,A_V_BLOK,0.033529411764705884
A_V_BLOK_II_joint,3,0.5,0.49922018985381894,0.007545682292138876,0.94,A_V_BLOK,0.033529411764705884
A_V_BLOK_II_joint,5,0.5,0.4992937074884411,0.013923907803402517,0.85,A_V_BLOK,0.033529411764705884
A_V_BLOK_II_joint,10,0.5075546443711225,0.502565535872548,0.008985932071108677,0.12,A_V_BLOK,0.033529411764705884
A_V_BLOK_II_joint,16,0.4984783931832015,0.5030578424149235,0.008847871491039007,0.98,A_V_BLOK,0.033529411764705884
A_V_BLOK_DII_L1,3,0.5,0.49922018985381894,0.007545682292138876,0.94,A_V_BLOK,0.033529411764705884
A_V_BLOK_DII_L1,5,0.5,0.4992937074884411,0.013923907803402517,0.85,A_V_BLOK,0.033529411764705884
A_V_BLOK_DII_L1,10,0.5,0.502565535872548,0.008985932071108677,0.7,A_V_BLOK,0.033529411764705884
A_V_BLOK_DII_L1,16,0.49878271454656115,0.5030578424149235,0.008847871491039007,0.98,A_V_BLOK,0.033529411764705884
OTEK_LANC_MI_perfeat,3,0.5653133022337044,0.49761442990135457,0.028113412111415933,0.01,OTEK_LANC,0.09352941176470589
OTEK_LANC_MI_perfeat,5,0.5556548675816978,0.5024727266048756,0.012884758244558899,0.01,OTEK_LANC,0.09352941176470589
OTEK_LANC_MI_perfeat,10,0.5615197188789441,0.5075828201078283,0.01563350264724661,0.02,OTEK_LANC,0.09352941176470589
OTEK_LANC_MI_perfeat,16,0.5387337308535257,0.5109006852529805,0.014718057457749414,0.08,OTEK_LANC,0.09352941176470589
OTEK_LANC_II_perfeat,3,0.5,0.49761442990135457,0.028113412111415933,0.55,OTEK_LANC,0.09352941176470589
OTEK_LANC_II_perfeat,5,0.4968553459119497,0.5024727266048756,0.012884758244558899,0.83,OTEK_LANC,0.09352941176470589
OTEK_LANC_II_perfeat,10,0.4968553459119497,0.5075828201078283,0.01563350264724661,0.91,OTEK_LANC,0.09352941176470589
OTEK_LANC_II_perfeat,16,0.4928372901693338,0.5109006852529805,0.014718057457749414,1.0,OTEK_LANC,0.09352941176470589
OTEK_LANC_II_joint,3,0.49990000775450066,0.49761442990135457,0.028113412111415933,0.56,OTEK_LANC,0.09352941176470589
OTEK_LANC_II_joint,5,0.5314710287773602,0.5024727266048756,0.012884758244558899,0.04,OTEK_LANC,0.09352941176470589
OTEK_LANC_II_joint,10,0.5606463172243785,0.5075828201078283,0.01563350264724661,0.02,OTEK_LANC,0.09352941176470589
OTEK_LANC_II_joint,16,0.5859035421742804,0.5109006852529805,0.014718057457749414,0.0,OTEK_LANC,0.09352941176470589
OTEK_LANC_DII_L1,3,0.512105183679633,0.49761442990135457,0.028113412111415933,0.04,OTEK_LANC,0.09352941176470589
OTEK_LANC_DII_L1,5,0.5,0.5024727266048756,0.012884758244558899,0.57,OTEK_LANC,0.09352941176470589
OTEK_LANC_DII_L1,10,0.5010978740424212,0.5075828201078283,0.01563350264724661,0.6,OTEK_LANC,0.09352941176470589
OTEK_LANC_DII_L1,16,0.5046669850093258,0.5109006852529805,0.014718057457749414,0.55,OTEK_LANC,0.09352941176470589
RAZRIV_MI_perfeat,3,0.4996962332928311,0.4999269834840916,0.0019679692844007265,0.97,RAZRIV,0.03176470588235294
RAZRIV_MI_perfeat,5,0.5,0.49963547995139734,0.0021513889683627925,0.84,RAZRIV,0.03176470588235294
RAZRIV_MI_perfeat,10,0.4990886998784933,0.4999800864047522,0.0013792477258041916,0.95,RAZRIV,0.03176470588235294
RAZRIV_MI_perfeat,16,0.5086517258449215,0.5013294856217092,0.006176830101100883,0.04,RAZRIV,0.03176470588235294
RAZRIV_II_perfeat,3,0.5,0.4999269834840916,0.0019679692844007265,0.92,RAZRIV,0.03176470588235294
RAZRIV_II_perfeat,5,0.5,0.49963547995139734,0.0021513889683627925,0.84,RAZRIV,0.03176470588235294
RAZRIV_II_perfeat,10,0.5,0.4999800864047522,0.0013792477258041916,0.57,RAZRIV,0.03176470588235294
RAZRIV_II_perfeat,16,0.5,0.5013294856217092,0.006176830101100883,0.59,RAZRIV,0.03176470588235294
RAZRIV_II_joint,3,0.5,0.4999269834840916,0.0019679692844007265,0.92,RAZRIV,0.03176470588235294
RAZRIV_II_joint,5,0.5,0.49963547995139734,0.0021513889683627925,0.84,RAZRIV,0.03176470588235294
RAZRIV_II_joint,10,0.5,0.4999800864047522,0.0013792477258041916,0.57,RAZRIV,0.03176470588235294
RAZRIV_II_joint,16,0.5,0.5013294856217092,0.006176830101100883,0.59,RAZRIV,0.03176470588235294
RAZRIV_DII_L1,3,0.5,0.4999269834840916,0.0019679692844007265,0.92,RAZRIV,0.03176470588235294
RAZRIV_DII_L1,5,0.4975698663426488,0.49963547995139734,0.0021513889683627925,0.97,RAZRIV,0.03176470588235294
RAZRIV_DII_L1,10,0.5,0.4999800864047522,0.0013792477258041916,0.57,RAZRIV,0.03176470588235294
RAZRIV_DII_L1,16,0.5,0.5013294856217092,0.006176830101100883,0.59,RAZRIV,0.03176470588235294
DRESSLER_MI_perfeat,3,0.5,0.501028717948718,0.009932436637975089,0.82,DRESSLER,0.04411764705882353
DRESSLER_MI_perfeat,5,0.5,0.4999938461538461,0.002611452851585726,0.68,DRESSLER,0.04411764705882353
DRESSLER_MI_perfeat,10,0.4990769230769231,0.5013128205128204,0.00889204151850766,0.9,DRESSLER,0.04411764705882353
DRESSLER_MI_perfeat,16,0.5,0.49979897435897436,0.0013989322499114126,0.37,DRESSLER,0.04411764705882353
DRESSLER_II_perfeat,3,0.5,0.501028717948718,0.009932436637975089,0.82,DRESSLER,0.04411764705882353
DRESSLER_II_perfeat,5,0.5,0.4999938461538461,0.002611452851585726,0.68,DRESSLER,0.04411764705882353
DRESSLER_II_perfeat,10,0.5,0.5013128205128204,0.00889204151850766,0.61,DRESSLER,0.04411764705882353
DRESSLER_II_perfeat,16,0.5,0.49979897435897436,0.0013989322499114126,0.37,DRESSLER,0.04411764705882353
DRESSLER_II_joint,3,0.4996923076923077,0.501028717948718,0.009932436637975089,0.83,DRESSLER,0.04411764705882353
DRESSLER_II_joint,5,0.5,0.4999938461538461,0.002611452851585726,0.68,DRESSLER,0.04411764705882353
DRESSLER_II_joint,10,0.4996923076923077,0.5013128205128204,0.00889204151850766,0.75,DRESSLER,0.04411764705882353
DRESSLER_II_joint,16,0.5,0.49979897435897436,0.0013989322499114126,0.37,DRESSLER,0.04411764705882353
DRESSLER_DII_L1,3,0.5,0.501028717948718,0.009932436637975089,0.82,DRESSLER,0.04411764705882353
DRESSLER_DII_L1,5,0.5,0.4999938461538461,0.002611452851585726,0.68,DRESSLER,0.04411764705882353
DRESSLER_DII_L1,10,0.4996923076923077,0.5013128205128204,0.00889204151850766,0.75,DRESSLER,0.04411764705882353
DRESSLER_DII_L1,16,0.49846153846153846,0.49979897435897436,0.0013989322499114126,0.97,DRESSLER,0.04411764705882353
ZSN_MI_perfeat,3,0.6199481502786826,0.5116651184303604,0.028455066640855033,0.0,ZSN,0.23176470588235293
ZSN_MI_perfeat,5,0.6181543986753835,0.5116550322214536,0.026851265232395668,0.0,ZSN,0.23176470588235293
ZSN_MI_perfeat,10,0.5711923103831593,0.5205729899487721,0.02972223581302457,0.11,ZSN,0.23176470588235293
ZSN_MI_perfeat,16,0.5486547834671683,0.5238616576363679,0.027317663409312295,0.19,ZSN,0.23176470588235293
ZSN_II_perfeat,3,0.5,0.5116651184303604,0.028455066640855033,0.72,ZSN,0.23176470588235293
ZSN_II_perfeat,5,0.5008861871409582,0.5116550322214536,0.026851265232395668,0.64,ZSN,0.23176470588235293
ZSN_II_perfeat,10,0.5055794808809011,0.5205729899487721,0.02972223581302457,0.64,ZSN,0.23176470588235293
ZSN_II_perfeat,16,0.5005033387489214,0.5238616576363679,0.027317663409312295,0.86,ZSN,0.23176470588235293
ZSN_II_joint,3,0.5062305174866488,0.5116651184303604,0.028455066640855033,0.38,ZSN,0.23176470588235293
ZSN_II_joint,5,0.5153975015741482,0.5116550322214536,0.026851265232395668,0.24,ZSN,0.23176470588235293
ZSN_II_joint,10,0.5525046447089186,0.5205729899487721,0.02972223581302457,0.13,ZSN,0.23176470588235293
ZSN_II_joint,16,0.5338519601060315,0.5238616576363679,0.027317663409312295,0.25,ZSN,0.23176470588235293
ZSN_DII_L1,3,0.6090943011947979,0.5116651184303604,0.028455066640855033,0.05,ZSN,0.23176470588235293
ZSN_DII_L1,5,0.6113700142256357,0.5116550322214536,0.026851265232395668,0.01,ZSN,0.23176470588235293
ZSN_DII_L1,10,0.5952476271173265,0.5205729899487721,0.02972223581302457,0.06,ZSN,0.23176470588235293
ZSN_DII_L1,16,0.5930924044433734,0.5238616576363679,0.027317663409312295,0.0,ZSN,0.23176470588235293
REC_IM_MI_perfeat,3,0.5077116468518769,0.5017218052477563,0.009349875488677977,0.08,REC_IM,0.09352941176470589
REC_IM_MI_perfeat,5,0.512478624106702,0.5015163926062877,0.00841843743136126,0.04,REC_IM,0.09352941176470589
REC_IM_MI_perfeat,10,0.5227859880254184,0.5024708287928692,0.006535698465312499,0.01,REC_IM,0.09352941176470589
REC_IM_MI_perfeat,16,0.521263657104143,0.5023030458862374,0.008065347267650834,0.03,REC_IM,0.09352941176470589
REC_IM_II_perfeat,3,0.5,0.5017218052477563,0.009349875488677977,0.68,REC_IM,0.09352941176470589
REC_IM_II_perfeat,5,0.5,0.5015163926062877,0.00841843743136126,0.58,REC_IM,0.09352941176470589
REC_IM_II_perfeat,10,0.5,0.5024708287928692,0.006535698465312499,0.54,REC_IM,0.09352941176470589
REC_IM_II_perfeat,16,0.49967553536664505,0.5023030458862374,0.008065347267650834,0.59,REC_IM,0.09352941176470589
REC_IM_II_joint,3,0.5,0.5017218052477563,0.009349875488677977,0.68,REC_IM,0.09352941176470589
REC_IM_II_joint,5,0.49438410898746626,0.5015163926062877,0.00841843743136126,0.97,REC_IM,0.09352941176470589
REC_IM_II_joint,10,0.5176945461372383,0.5024708287928692,0.006535698465312499,0.04,REC_IM,0.09352941176470589
REC_IM_II_joint,16,0.5092339777731523,0.5023030458862374,0.008065347267650834,0.15,REC_IM,0.09352941176470589
REC_IM_DII_L1,3,0.5,0.5017218052477563,0.009349875488677977,0.68,REC_IM,0.09352941176470589
REC_IM_DII_L1,5,0.5,0.5015163926062877,0.00841843743136126,0.58,REC_IM,0.09352941176470589
REC_IM_DII_L1,10,0.4954574951330305,0.5024708287928692,0.006535698465312499,0.95,REC_IM,0.09352941176470589
REC_IM_DII_L1,16,0.49730429068766097,0.5023030458862374,0.008065347267650834,0.77,REC_IM,0.09352941176470589
P_IM_STEN_MI_perfeat,3,0.4927469350794093,0.5018803984396767,0.007454122062050733,0.96,P_IM_STEN,0.08705882352941176
P_IM_STEN_MI_perfeat,5,0.5083588743382558,0.5042183581777653,0.01404044550102516,0.17,P_IM_STEN,0.08705882352941176
P_IM_STEN_MI_perfeat,10,0.5040140011145166,0.5015320249373084,0.008733542019047445,0.19,P_IM_STEN,0.08705882352941176
P_IM_STEN_MI_perfeat,16,0.49323453608247425,0.5023538938422959,0.009245132935661962,0.96,P_IM_STEN,0.08705882352941176
P_IM_STEN_II_perfeat,3,0.5,0.5018803984396767,0.007454122062050733,0.69,P_IM_STEN,0.08705882352941176
P_IM_STEN_II_perfeat,5,0.5,0.5042183581777653,0.01404044550102516,0.67,P_IM_STEN,0.08705882352941176
P_IM_STEN_II_perfeat,10,0.5,0.5015320249373084,0.008733542019047445,0.49,P_IM_STEN,0.08705882352941176
P_IM_STEN_II_perfeat,16,0.4993556701030928,0.5023538938422959,0.009245132935661962,0.47,P_IM_STEN,0.08705882352941176
P_IM_STEN_II_joint,3,0.5059382836444692,0.5018803984396767,0.007454122062050733,0.14,P_IM_STEN,0.08705882352941176
P_IM_STEN_II_joint,5,0.5093079548620786,0.5042183581777653,0.01404044550102516,0.16,P_IM_STEN,0.08705882352941176
P_IM_STEN_II_joint,10,0.4964561855670103,0.5015320249373084,0.008733542019047445,0.89,P_IM_STEN,0.08705882352941176
P_IM_STEN_II_joint,16,0.4948453608247423,0.5023538938422959,0.009245132935661962,0.92,P_IM_STEN,0.08705882352941176
P_IM_STEN_DII_L1,3,0.5,0.5018803984396767,0.007454122062050733,0.69,P_IM_STEN,0.08705882352941176
P_IM_STEN_DII_L1,5,0.5017675536361104,0.5042183581777653,0.01404044550102516,0.25,P_IM_STEN,0.08705882352941176
P_IM_STEN_DII_L1,10,0.5007923516299805,0.5015320249373084,0.008733542019047445,0.32,P_IM_STEN,0.08705882352941176
P_IM_STEN_DII_L1,16,0.49806701030927836,0.5023538938422959,0.009245132935661962,0.63,P_IM_STEN,0.08705882352941176
